4516096126222336,https://s3-ap-northeast-1.amazonaws.com/projects.crowd4u.org/s201811523/qd/hat/4516096126222336.png
4518370500149248,https://s3-ap-northeast-1.amazonaws.com/projects.crowd4u.org/s201811523/qd/hat/4518370500149248.png
4525254640664576,https://s3-ap-northeast-1.amazonaws.com/projects.crowd4u.org/s201811523/qd/hat/4525254640664576.png
4537907798867968,https://s3-ap-northeast-1.amazonaws.com/projects.crowd4u.org/s201811523/qd/hat/4537907798867968.png
4544812361449472,https://s3-ap-northeast-1.amazonaws.com/projects.crowd4u.org/s201811523/qd/hat/4544812361449472.png
4546873006227456,https://s3-ap-northeast-1.amazonaws.com/projects.crowd4u.org/s201811523/qd/hat/4546873006227456.png
4581505978335232,https://s3-ap-northeast-1.amazonaws.com/projects.crowd4u.org/s201811523/qd/hat/4581505978335232.png
4592213365358592,https://s3-ap-northeast-1.amazonaws.com/projects.crowd4u.org/s201811523/qd/hat/4592213365358592.png
4598997136179200,https://s3-ap-northeast-1.amazonaws.com/projects.crowd4u.org/s201811523/qd/hat/4598997136179200.png
4602360628248576,https://s3-ap-northeast-1.amazonaws.com/projects.crowd4u.org/s201811523/qd/hat/4602360628248576.png
4609608133902336,https://s3-ap-northeast-1.amazonaws.com/projects.crowd4u.org/s201811523/qd/hat/4609608133902336.png
4618544404758528,https://s3-ap-northeast-1.amazonaws.com/projects.crowd4u.org/s201811523/qd/hat/4618544404758528.png
4626264637833216,https://s3-ap-northeast-1.amazonaws.com/projects.crowd4u.org/s201811523/qd/hat/4626264637833216.png
4661844184662016,https://s3-ap-northeast-1.amazonaws.com/projects.crowd4u.org/s201811523/qd/hat/4661844184662016.png
4665842509807616,https://s3-ap-northeast-1.amazonaws.com/projects.crowd4u.org/s201811523/qd/hat/4665842509807616.png
4681944962957312,https://s3-ap-northeast-1.amazonaws.com/projects.crowd4u.org/s201811523/qd/hat/4681944962957312.png
4719575855792128,https://s3-ap-northeast-1.amazonaws.com/projects.crowd4u.org/s201811523/qd/hat/4719575855792128.png
4719770068844544,https://s3-ap-northeast-1.amazonaws.com/projects.crowd4u.org/s201811523/qd/hat/4719770068844544.png
4722915096395776,https://s3-ap-northeast-1.amazonaws.com/projects.crowd4u.org/s201811523/qd/hat/4722915096395776.png
4735808265256960,https://s3-ap-northeast-1.amazonaws.com/projects.crowd4u.org/s201811523/qd/hat/4735808265256960.png
4739159379935232,https://s3-ap-northeast-1.amazonaws.com/projects.crowd4u.org/s201811523/qd/hat/4739159379935232.png
4765689208373248,https://s3-ap-northeast-1.amazonaws.com/projects.crowd4u.org/s201811523/qd/hat/4765689208373248.png
4775690878582784,https://s3-ap-northeast-1.amazonaws.com/projects.crowd4u.org/s201811523/qd/hat/4775690878582784.png
4788881545232384,https://s3-ap-northeast-1.amazonaws.com/projects.crowd4u.org/s201811523/qd/hat/4788881545232384.png
4793010787188736,https://s3-ap-northeast-1.amazonaws.com/projects.crowd4u.org/s201811523/qd/hat/4793010787188736.png
4805555937869824,https://s3-ap-northeast-1.amazonaws.com/projects.crowd4u.org/s201811523/qd/hat/4805555937869824.png
4806349412106240,https://s3-ap-northeast-1.amazonaws.com/projects.crowd4u.org/s201811523/qd/hat/4806349412106240.png
4818981972082688,https://s3-ap-northeast-1.amazonaws.com/projects.crowd4u.org/s201811523/qd/hat/4818981972082688.png
4831672488951808,https://s3-ap-northeast-1.amazonaws.com/projects.crowd4u.org/s201811523/qd/hat/4831672488951808.png
4854927924920320,https://s3-ap-northeast-1.amazonaws.com/projects.crowd4u.org/s201811523/qd/hat/4854927924920320.png
4864614468681728,https://s3-ap-northeast-1.amazonaws.com/projects.crowd4u.org/s201811523/qd/hat/4864614468681728.png
4867683189260288,https://s3-ap-northeast-1.amazonaws.com/projects.crowd4u.org/s201811523/qd/hat/4867683189260288.png
4915754577166336,https://s3-ap-northeast-1.amazonaws.com/projects.crowd4u.org/s201811523/qd/hat/4915754577166336.png
4921099026432000,https://s3-ap-northeast-1.amazonaws.com/projects.crowd4u.org/s201811523/qd/hat/4921099026432000.png
4941692174073856,https://s3-ap-northeast-1.amazonaws.com/projects.crowd4u.org/s201811523/qd/hat/4941692174073856.png
4943752160346112,https://s3-ap-northeast-1.amazonaws.com/projects.crowd4u.org/s201811523/qd/hat/4943752160346112.png
4949341745709056,https://s3-ap-northeast-1.amazonaws.com/projects.crowd4u.org/s201811523/qd/hat/4949341745709056.png
4951238271565824,https://s3-ap-northeast-1.amazonaws.com/projects.crowd4u.org/s201811523/qd/hat/4951238271565824.png
4951824534601728,https://s3-ap-northeast-1.amazonaws.com/projects.crowd4u.org/s201811523/qd/hat/4951824534601728.png
4955829272838144,https://s3-ap-northeast-1.amazonaws.com/projects.crowd4u.org/s201811523/qd/hat/4955829272838144.png
4958610582929408,https://s3-ap-northeast-1.amazonaws.com/projects.crowd4u.org/s201811523/qd/hat/4958610582929408.png
4976862767874048,https://s3-ap-northeast-1.amazonaws.com/projects.crowd4u.org/s201811523/qd/hat/4976862767874048.png
4984712625913856,https://s3-ap-northeast-1.amazonaws.com/projects.crowd4u.org/s201811523/qd/hat/4984712625913856.png
4995959534649344,https://s3-ap-northeast-1.amazonaws.com/projects.crowd4u.org/s201811523/qd/hat/4995959534649344.png
5002436831870976,https://s3-ap-northeast-1.amazonaws.com/projects.crowd4u.org/s201811523/qd/hat/5002436831870976.png
5014922620567552,https://s3-ap-northeast-1.amazonaws.com/projects.crowd4u.org/s201811523/qd/hat/5014922620567552.png
5015950963245056,https://s3-ap-northeast-1.amazonaws.com/projects.crowd4u.org/s201811523/qd/hat/5015950963245056.png
5024114978848768,https://s3-ap-northeast-1.amazonaws.com/projects.crowd4u.org/s201811523/qd/hat/5024114978848768.png
5057148205662208,https://s3-ap-northeast-1.amazonaws.com/projects.crowd4u.org/s201811523/qd/hat/5057148205662208.png
5057517052755968,https://s3-ap-northeast-1.amazonaws.com/projects.crowd4u.org/s201811523/qd/hat/5057517052755968.png
5068825152192512,https://s3-ap-northeast-1.amazonaws.com/projects.crowd4u.org/s201811523/qd/hat/5068825152192512.png
5078577961762816,https://s3-ap-northeast-1.amazonaws.com/projects.crowd4u.org/s201811523/qd/hat/5078577961762816.png
5082042976960512,https://s3-ap-northeast-1.amazonaws.com/projects.crowd4u.org/s201811523/qd/hat/5082042976960512.png
5082502404243456,https://s3-ap-northeast-1.amazonaws.com/projects.crowd4u.org/s201811523/qd/hat/5082502404243456.png
5096492236800000,https://s3-ap-northeast-1.amazonaws.com/projects.crowd4u.org/s201811523/qd/hat/5096492236800000.png
5110653549281280,https://s3-ap-northeast-1.amazonaws.com/projects.crowd4u.org/s201811523/qd/hat/5110653549281280.png
5111493672566784,https://s3-ap-northeast-1.amazonaws.com/projects.crowd4u.org/s201811523/qd/hat/5111493672566784.png
5132882370625536,https://s3-ap-northeast-1.amazonaws.com/projects.crowd4u.org/s201811523/qd/hat/5132882370625536.png
5166908527607808,https://s3-ap-northeast-1.amazonaws.com/projects.crowd4u.org/s201811523/qd/hat/5166908527607808.png
5170972762046464,https://s3-ap-northeast-1.amazonaws.com/projects.crowd4u.org/s201811523/qd/hat/5170972762046464.png
5172147230081024,https://s3-ap-northeast-1.amazonaws.com/projects.crowd4u.org/s201811523/qd/hat/5172147230081024.png
5172644741644288,https://s3-ap-northeast-1.amazonaws.com/projects.crowd4u.org/s201811523/qd/hat/5172644741644288.png
5180984863490048,https://s3-ap-northeast-1.amazonaws.com/projects.crowd4u.org/s201811523/qd/hat/5180984863490048.png
5198191374893056,https://s3-ap-northeast-1.amazonaws.com/projects.crowd4u.org/s201811523/qd/hat/5198191374893056.png
5226103981473792,https://s3-ap-northeast-1.amazonaws.com/projects.crowd4u.org/s201811523/qd/hat/5226103981473792.png
5245433884442624,https://s3-ap-northeast-1.amazonaws.com/projects.crowd4u.org/s201811523/qd/hat/5245433884442624.png
5255510347481088,https://s3-ap-northeast-1.amazonaws.com/projects.crowd4u.org/s201811523/qd/hat/5255510347481088.png
5276358940819456,https://s3-ap-northeast-1.amazonaws.com/projects.crowd4u.org/s201811523/qd/hat/5276358940819456.png
5277993796632576,https://s3-ap-northeast-1.amazonaws.com/projects.crowd4u.org/s201811523/qd/hat/5277993796632576.png
5290271900172288,https://s3-ap-northeast-1.amazonaws.com/projects.crowd4u.org/s201811523/qd/hat/5290271900172288.png
5315462722224128,https://s3-ap-northeast-1.amazonaws.com/projects.crowd4u.org/s201811523/qd/hat/5315462722224128.png
5322930982486016,https://s3-ap-northeast-1.amazonaws.com/projects.crowd4u.org/s201811523/qd/hat/5322930982486016.png
5322942525210624,https://s3-ap-northeast-1.amazonaws.com/projects.crowd4u.org/s201811523/qd/hat/5322942525210624.png
5325280346374144,https://s3-ap-northeast-1.amazonaws.com/projects.crowd4u.org/s201811523/qd/hat/5325280346374144.png
5326304142426112,https://s3-ap-northeast-1.amazonaws.com/projects.crowd4u.org/s201811523/qd/hat/5326304142426112.png
5332556943720448,https://s3-ap-northeast-1.amazonaws.com/projects.crowd4u.org/s201811523/qd/hat/5332556943720448.png
5333772906004480,https://s3-ap-northeast-1.amazonaws.com/projects.crowd4u.org/s201811523/qd/hat/5333772906004480.png
5343800949997568,https://s3-ap-northeast-1.amazonaws.com/projects.crowd4u.org/s201811523/qd/hat/5343800949997568.png
5343927852859392,https://s3-ap-northeast-1.amazonaws.com/projects.crowd4u.org/s201811523/qd/hat/5343927852859392.png
5372932740087808,https://s3-ap-northeast-1.amazonaws.com/projects.crowd4u.org/s201811523/qd/hat/5372932740087808.png
5379742612062208,https://s3-ap-northeast-1.amazonaws.com/projects.crowd4u.org/s201811523/qd/hat/5379742612062208.png
5385119776899072,https://s3-ap-northeast-1.amazonaws.com/projects.crowd4u.org/s201811523/qd/hat/5385119776899072.png
5396111453847552,https://s3-ap-northeast-1.amazonaws.com/projects.crowd4u.org/s201811523/qd/hat/5396111453847552.png
5398506820861952,https://s3-ap-northeast-1.amazonaws.com/projects.crowd4u.org/s201811523/qd/hat/5398506820861952.png
5402982931759104,https://s3-ap-northeast-1.amazonaws.com/projects.crowd4u.org/s201811523/qd/hat/5402982931759104.png
5404668387655680,https://s3-ap-northeast-1.amazonaws.com/projects.crowd4u.org/s201811523/qd/hat/5404668387655680.png
5406200264916992,https://s3-ap-northeast-1.amazonaws.com/projects.crowd4u.org/s201811523/qd/hat/5406200264916992.png
5407518752768000,https://s3-ap-northeast-1.amazonaws.com/projects.crowd4u.org/s201811523/qd/hat/5407518752768000.png
5435603715883008,https://s3-ap-northeast-1.amazonaws.com/projects.crowd4u.org/s201811523/qd/hat/5435603715883008.png
5436646096896000,https://s3-ap-northeast-1.amazonaws.com/projects.crowd4u.org/s201811523/qd/hat/5436646096896000.png
5443895028613120,https://s3-ap-northeast-1.amazonaws.com/projects.crowd4u.org/s201811523/qd/hat/5443895028613120.png
5459385734135808,https://s3-ap-northeast-1.amazonaws.com/projects.crowd4u.org/s201811523/qd/hat/5459385734135808.png
5461109525970944,https://s3-ap-northeast-1.amazonaws.com/projects.crowd4u.org/s201811523/qd/hat/5461109525970944.png
5464391518519296,https://s3-ap-northeast-1.amazonaws.com/projects.crowd4u.org/s201811523/qd/hat/5464391518519296.png
5464955757264896,https://s3-ap-northeast-1.amazonaws.com/projects.crowd4u.org/s201811523/qd/hat/5464955757264896.png
5470381152403456,https://s3-ap-northeast-1.amazonaws.com/projects.crowd4u.org/s201811523/qd/hat/5470381152403456.png
5496330795352064,https://s3-ap-northeast-1.amazonaws.com/projects.crowd4u.org/s201811523/qd/hat/5496330795352064.png
5498566573293568,https://s3-ap-northeast-1.amazonaws.com/projects.crowd4u.org/s201811523/qd/hat/5498566573293568.png
5501006265712640,https://s3-ap-northeast-1.amazonaws.com/projects.crowd4u.org/s201811523/qd/hat/5501006265712640.png
5547118812987392,https://s3-ap-northeast-1.amazonaws.com/projects.crowd4u.org/s201811523/qd/hat/5547118812987392.png
5550445416153088,https://s3-ap-northeast-1.amazonaws.com/projects.crowd4u.org/s201811523/qd/hat/5550445416153088.png
5584415977635840,https://s3-ap-northeast-1.amazonaws.com/projects.crowd4u.org/s201811523/qd/hat/5584415977635840.png
5587544727093248,https://s3-ap-northeast-1.amazonaws.com/projects.crowd4u.org/s201811523/qd/hat/5587544727093248.png
5592406508437504,https://s3-ap-northeast-1.amazonaws.com/projects.crowd4u.org/s201811523/qd/hat/5592406508437504.png
5592544505233408,https://s3-ap-northeast-1.amazonaws.com/projects.crowd4u.org/s201811523/qd/hat/5592544505233408.png
5592681520562176,https://s3-ap-northeast-1.amazonaws.com/projects.crowd4u.org/s201811523/qd/hat/5592681520562176.png
5629843188219904,https://s3-ap-northeast-1.amazonaws.com/projects.crowd4u.org/s201811523/qd/hat/5629843188219904.png
5646585239175168,https://s3-ap-northeast-1.amazonaws.com/projects.crowd4u.org/s201811523/qd/hat/5646585239175168.png
5648599566254080,https://s3-ap-northeast-1.amazonaws.com/projects.crowd4u.org/s201811523/qd/hat/5648599566254080.png
5649025032257536,https://s3-ap-northeast-1.amazonaws.com/projects.crowd4u.org/s201811523/qd/hat/5649025032257536.png
5652518937821184,https://s3-ap-northeast-1.amazonaws.com/projects.crowd4u.org/s201811523/qd/hat/5652518937821184.png
5676552824029184,https://s3-ap-northeast-1.amazonaws.com/projects.crowd4u.org/s201811523/qd/hat/5676552824029184.png
5695860308443136,https://s3-ap-northeast-1.amazonaws.com/projects.crowd4u.org/s201811523/qd/hat/5695860308443136.png
5715622459604992,https://s3-ap-northeast-1.amazonaws.com/projects.crowd4u.org/s201811523/qd/hat/5715622459604992.png
5741834997334016,https://s3-ap-northeast-1.amazonaws.com/projects.crowd4u.org/s201811523/qd/hat/5741834997334016.png
5742367439060992,https://s3-ap-northeast-1.amazonaws.com/projects.crowd4u.org/s201811523/qd/hat/5742367439060992.png
5757329616142336,https://s3-ap-northeast-1.amazonaws.com/projects.crowd4u.org/s201811523/qd/hat/5757329616142336.png
5760630646636544,https://s3-ap-northeast-1.amazonaws.com/projects.crowd4u.org/s201811523/qd/hat/5760630646636544.png
5792695865835520,https://s3-ap-northeast-1.amazonaws.com/projects.crowd4u.org/s201811523/qd/hat/5792695865835520.png
5800117971976192,https://s3-ap-northeast-1.amazonaws.com/projects.crowd4u.org/s201811523/qd/hat/5800117971976192.png
5804651897159680,https://s3-ap-northeast-1.amazonaws.com/projects.crowd4u.org/s201811523/qd/hat/5804651897159680.png
5829377956773888,https://s3-ap-northeast-1.amazonaws.com/projects.crowd4u.org/s201811523/qd/hat/5829377956773888.png
5833929351233536,https://s3-ap-northeast-1.amazonaws.com/projects.crowd4u.org/s201811523/qd/hat/5833929351233536.png
5846529539571712,https://s3-ap-northeast-1.amazonaws.com/projects.crowd4u.org/s201811523/qd/hat/5846529539571712.png
5852661779791872,https://s3-ap-northeast-1.amazonaws.com/projects.crowd4u.org/s201811523/qd/hat/5852661779791872.png
5856012831555584,https://s3-ap-northeast-1.amazonaws.com/projects.crowd4u.org/s201811523/qd/hat/5856012831555584.png
5857804097159168,https://s3-ap-northeast-1.amazonaws.com/projects.crowd4u.org/s201811523/qd/hat/5857804097159168.png
5882493263675392,https://s3-ap-northeast-1.amazonaws.com/projects.crowd4u.org/s201811523/qd/hat/5882493263675392.png
5884942233894912,https://s3-ap-northeast-1.amazonaws.com/projects.crowd4u.org/s201811523/qd/hat/5884942233894912.png
5895849571778560,https://s3-ap-northeast-1.amazonaws.com/projects.crowd4u.org/s201811523/qd/hat/5895849571778560.png
5916376147427328,https://s3-ap-northeast-1.amazonaws.com/projects.crowd4u.org/s201811523/qd/hat/5916376147427328.png
5917354573692928,https://s3-ap-northeast-1.amazonaws.com/projects.crowd4u.org/s201811523/qd/hat/5917354573692928.png
5924380905308160,https://s3-ap-northeast-1.amazonaws.com/projects.crowd4u.org/s201811523/qd/hat/5924380905308160.png
5930712257527808,https://s3-ap-northeast-1.amazonaws.com/projects.crowd4u.org/s201811523/qd/hat/5930712257527808.png
5975386850590720,https://s3-ap-northeast-1.amazonaws.com/projects.crowd4u.org/s201811523/qd/hat/5975386850590720.png
5976216316149760,https://s3-ap-northeast-1.amazonaws.com/projects.crowd4u.org/s201811523/qd/hat/5976216316149760.png
5980188921823232,https://s3-ap-northeast-1.amazonaws.com/projects.crowd4u.org/s201811523/qd/hat/5980188921823232.png
6034716589293568,https://s3-ap-northeast-1.amazonaws.com/projects.crowd4u.org/s201811523/qd/hat/6034716589293568.png
6034738064130048,https://s3-ap-northeast-1.amazonaws.com/projects.crowd4u.org/s201811523/qd/hat/6034738064130048.png
6035624970682368,https://s3-ap-northeast-1.amazonaws.com/projects.crowd4u.org/s201811523/qd/hat/6035624970682368.png
6038489160220672,https://s3-ap-northeast-1.amazonaws.com/projects.crowd4u.org/s201811523/qd/hat/6038489160220672.png
6043700721352704,https://s3-ap-northeast-1.amazonaws.com/projects.crowd4u.org/s201811523/qd/hat/6043700721352704.png
6055531070357504,https://s3-ap-northeast-1.amazonaws.com/projects.crowd4u.org/s201811523/qd/hat/6055531070357504.png
6058135636672512,https://s3-ap-northeast-1.amazonaws.com/projects.crowd4u.org/s201811523/qd/hat/6058135636672512.png
6062975863488512,https://s3-ap-northeast-1.amazonaws.com/projects.crowd4u.org/s201811523/qd/hat/6062975863488512.png
6065315609837568,https://s3-ap-northeast-1.amazonaws.com/projects.crowd4u.org/s201811523/qd/hat/6065315609837568.png
6075275206983680,https://s3-ap-northeast-1.amazonaws.com/projects.crowd4u.org/s201811523/qd/hat/6075275206983680.png
6079307644403712,https://s3-ap-northeast-1.amazonaws.com/projects.crowd4u.org/s201811523/qd/hat/6079307644403712.png
6087633685970944,https://s3-ap-northeast-1.amazonaws.com/projects.crowd4u.org/s201811523/qd/hat/6087633685970944.png
6092461245988864,https://s3-ap-northeast-1.amazonaws.com/projects.crowd4u.org/s201811523/qd/hat/6092461245988864.png
6095220326268928,https://s3-ap-northeast-1.amazonaws.com/projects.crowd4u.org/s201811523/qd/hat/6095220326268928.png
6100701576953856,https://s3-ap-northeast-1.amazonaws.com/projects.crowd4u.org/s201811523/qd/hat/6100701576953856.png
6104249962332160,https://s3-ap-northeast-1.amazonaws.com/projects.crowd4u.org/s201811523/qd/hat/6104249962332160.png
6143011031351296,https://s3-ap-northeast-1.amazonaws.com/projects.crowd4u.org/s201811523/qd/hat/6143011031351296.png
6145897333260288,https://s3-ap-northeast-1.amazonaws.com/projects.crowd4u.org/s201811523/qd/hat/6145897333260288.png
6175876188209152,https://s3-ap-northeast-1.amazonaws.com/projects.crowd4u.org/s201811523/qd/hat/6175876188209152.png
6176206502232064,https://s3-ap-northeast-1.amazonaws.com/projects.crowd4u.org/s201811523/qd/hat/6176206502232064.png
6183029590458368,https://s3-ap-northeast-1.amazonaws.com/projects.crowd4u.org/s201811523/qd/hat/6183029590458368.png
6199168605356032,https://s3-ap-northeast-1.amazonaws.com/projects.crowd4u.org/s201811523/qd/hat/6199168605356032.png
6240780962234368,https://s3-ap-northeast-1.amazonaws.com/projects.crowd4u.org/s201811523/qd/hat/6240780962234368.png
6251671707451392,https://s3-ap-northeast-1.amazonaws.com/projects.crowd4u.org/s201811523/qd/hat/6251671707451392.png
6258913592737792,https://s3-ap-northeast-1.amazonaws.com/projects.crowd4u.org/s201811523/qd/hat/6258913592737792.png
6298924803424256,https://s3-ap-northeast-1.amazonaws.com/projects.crowd4u.org/s201811523/qd/hat/6298924803424256.png
6322861381779456,https://s3-ap-northeast-1.amazonaws.com/projects.crowd4u.org/s201811523/qd/hat/6322861381779456.png
6326116694360064,https://s3-ap-northeast-1.amazonaws.com/projects.crowd4u.org/s201811523/qd/hat/6326116694360064.png
6331348484620288,https://s3-ap-northeast-1.amazonaws.com/projects.crowd4u.org/s201811523/qd/hat/6331348484620288.png
6340565673181184,https://s3-ap-northeast-1.amazonaws.com/projects.crowd4u.org/s201811523/qd/hat/6340565673181184.png
6343194776174592,https://s3-ap-northeast-1.amazonaws.com/projects.crowd4u.org/s201811523/qd/hat/6343194776174592.png
6344113899175936,https://s3-ap-northeast-1.amazonaws.com/projects.crowd4u.org/s201811523/qd/hat/6344113899175936.png
6352792002232320,https://s3-ap-northeast-1.amazonaws.com/projects.crowd4u.org/s201811523/qd/hat/6352792002232320.png
6363140826595328,https://s3-ap-northeast-1.amazonaws.com/projects.crowd4u.org/s201811523/qd/hat/6363140826595328.png
6381462448242688,https://s3-ap-northeast-1.amazonaws.com/projects.crowd4u.org/s201811523/qd/hat/6381462448242688.png
6384633946046464,https://s3-ap-northeast-1.amazonaws.com/projects.crowd4u.org/s201811523/qd/hat/6384633946046464.png
6395984084992000,https://s3-ap-northeast-1.amazonaws.com/projects.crowd4u.org/s201811523/qd/hat/6395984084992000.png
6405050010173440,https://s3-ap-northeast-1.amazonaws.com/projects.crowd4u.org/s201811523/qd/hat/6405050010173440.png
6408292437852160,https://s3-ap-northeast-1.amazonaws.com/projects.crowd4u.org/s201811523/qd/hat/6408292437852160.png
6414271049105408,https://s3-ap-northeast-1.amazonaws.com/projects.crowd4u.org/s201811523/qd/hat/6414271049105408.png
6415235168600064,https://s3-ap-northeast-1.amazonaws.com/projects.crowd4u.org/s201811523/qd/hat/6415235168600064.png
6432134455623680,https://s3-ap-northeast-1.amazonaws.com/projects.crowd4u.org/s201811523/qd/hat/6432134455623680.png
6451054675755008,https://s3-ap-northeast-1.amazonaws.com/projects.crowd4u.org/s201811523/qd/hat/6451054675755008.png
6457869765443584,https://s3-ap-northeast-1.amazonaws.com/projects.crowd4u.org/s201811523/qd/hat/6457869765443584.png
6477197151830016,https://s3-ap-northeast-1.amazonaws.com/projects.crowd4u.org/s201811523/qd/hat/6477197151830016.png
6489119762939904,https://s3-ap-northeast-1.amazonaws.com/projects.crowd4u.org/s201811523/qd/hat/6489119762939904.png
6497812982267904,https://s3-ap-northeast-1.amazonaws.com/projects.crowd4u.org/s201811523/qd/hat/6497812982267904.png
6497873581572096,https://s3-ap-northeast-1.amazonaws.com/projects.crowd4u.org/s201811523/qd/hat/6497873581572096.png
6522461141073920,https://s3-ap-northeast-1.amazonaws.com/projects.crowd4u.org/s201811523/qd/hat/6522461141073920.png
6536827957673984,https://s3-ap-northeast-1.amazonaws.com/projects.crowd4u.org/s201811523/qd/hat/6536827957673984.png
6556213326118912,https://s3-ap-northeast-1.amazonaws.com/projects.crowd4u.org/s201811523/qd/hat/6556213326118912.png
6560692037484544,https://s3-ap-northeast-1.amazonaws.com/projects.crowd4u.org/s201811523/qd/hat/6560692037484544.png
6608697256050688,https://s3-ap-northeast-1.amazonaws.com/projects.crowd4u.org/s201811523/qd/hat/6608697256050688.png
6638284027461632,https://s3-ap-northeast-1.amazonaws.com/projects.crowd4u.org/s201811523/qd/hat/6638284027461632.png
6647966947344384,https://s3-ap-northeast-1.amazonaws.com/projects.crowd4u.org/s201811523/qd/hat/6647966947344384.png
6656861824614400,https://s3-ap-northeast-1.amazonaws.com/projects.crowd4u.org/s201811523/qd/hat/6656861824614400.png
6661872340172800,https://s3-ap-northeast-1.amazonaws.com/projects.crowd4u.org/s201811523/qd/hat/6661872340172800.png
6675437390397440,https://s3-ap-northeast-1.amazonaws.com/projects.crowd4u.org/s201811523/qd/hat/6675437390397440.png
6703016516255744,https://s3-ap-northeast-1.amazonaws.com/projects.crowd4u.org/s201811523/qd/hat/6703016516255744.png
6712803207413760,https://s3-ap-northeast-1.amazonaws.com/projects.crowd4u.org/s201811523/qd/hat/6712803207413760.png
6721806545190912,https://s3-ap-northeast-1.amazonaws.com/projects.crowd4u.org/s201811523/qd/hat/6721806545190912.png
6740808956903424,https://s3-ap-northeast-1.amazonaws.com/projects.crowd4u.org/s201811523/qd/hat/6740808956903424.png
6747239114342400,https://s3-ap-northeast-1.amazonaws.com/projects.crowd4u.org/s201811523/qd/hat/6747239114342400.png
4509856163692544,https://s3-ap-northeast-1.amazonaws.com/projects.crowd4u.org/s201811523/qd/triangle/4509856163692544.png
4515998919032832,https://s3-ap-northeast-1.amazonaws.com/projects.crowd4u.org/s201811523/qd/triangle/4515998919032832.png
4521433059295232,https://s3-ap-northeast-1.amazonaws.com/projects.crowd4u.org/s201811523/qd/triangle/4521433059295232.png
4541177409830912,https://s3-ap-northeast-1.amazonaws.com/projects.crowd4u.org/s201811523/qd/triangle/4541177409830912.png
4565378728460288,https://s3-ap-northeast-1.amazonaws.com/projects.crowd4u.org/s201811523/qd/triangle/4565378728460288.png
4579240685076480,https://s3-ap-northeast-1.amazonaws.com/projects.crowd4u.org/s201811523/qd/triangle/4579240685076480.png
4603674267484160,https://s3-ap-northeast-1.amazonaws.com/projects.crowd4u.org/s201811523/qd/triangle/4603674267484160.png
4605249467711488,https://s3-ap-northeast-1.amazonaws.com/projects.crowd4u.org/s201811523/qd/triangle/4605249467711488.png
4606689921728512,https://s3-ap-northeast-1.amazonaws.com/projects.crowd4u.org/s201811523/qd/triangle/4606689921728512.png
4626887223541760,https://s3-ap-northeast-1.amazonaws.com/projects.crowd4u.org/s201811523/qd/triangle/4626887223541760.png
4632239306440704,https://s3-ap-northeast-1.amazonaws.com/projects.crowd4u.org/s201811523/qd/triangle/4632239306440704.png
4651951075622912,https://s3-ap-northeast-1.amazonaws.com/projects.crowd4u.org/s201811523/qd/triangle/4651951075622912.png
4675782574080000,https://s3-ap-northeast-1.amazonaws.com/projects.crowd4u.org/s201811523/qd/triangle/4675782574080000.png
4695320111874048,https://s3-ap-northeast-1.amazonaws.com/projects.crowd4u.org/s201811523/qd/triangle/4695320111874048.png
4705442041167872,https://s3-ap-northeast-1.amazonaws.com/projects.crowd4u.org/s201811523/qd/triangle/4705442041167872.png
4725626932035584,https://s3-ap-northeast-1.amazonaws.com/projects.crowd4u.org/s201811523/qd/triangle/4725626932035584.png
4728253099016192,https://s3-ap-northeast-1.amazonaws.com/projects.crowd4u.org/s201811523/qd/triangle/4728253099016192.png
4731055636480000,https://s3-ap-northeast-1.amazonaws.com/projects.crowd4u.org/s201811523/qd/triangle/4731055636480000.png
4750543979282432,https://s3-ap-northeast-1.amazonaws.com/projects.crowd4u.org/s201811523/qd/triangle/4750543979282432.png
4770489656410112,https://s3-ap-northeast-1.amazonaws.com/projects.crowd4u.org/s201811523/qd/triangle/4770489656410112.png
4772993643315200,https://s3-ap-northeast-1.amazonaws.com/projects.crowd4u.org/s201811523/qd/triangle/4772993643315200.png
4777809505419264,https://s3-ap-northeast-1.amazonaws.com/projects.crowd4u.org/s201811523/qd/triangle/4777809505419264.png
4791898545848320,https://s3-ap-northeast-1.amazonaws.com/projects.crowd4u.org/s201811523/qd/triangle/4791898545848320.png
4805227150573568,https://s3-ap-northeast-1.amazonaws.com/projects.crowd4u.org/s201811523/qd/triangle/4805227150573568.png
4813020905603072,https://s3-ap-northeast-1.amazonaws.com/projects.crowd4u.org/s201811523/qd/triangle/4813020905603072.png
4815722876239872,https://s3-ap-northeast-1.amazonaws.com/projects.crowd4u.org/s201811523/qd/triangle/4815722876239872.png
4845458025349120,https://s3-ap-northeast-1.amazonaws.com/projects.crowd4u.org/s201811523/qd/triangle/4845458025349120.png
4849836056641536,https://s3-ap-northeast-1.amazonaws.com/projects.crowd4u.org/s201811523/qd/triangle/4849836056641536.png
4855872280854528,https://s3-ap-northeast-1.amazonaws.com/projects.crowd4u.org/s201811523/qd/triangle/4855872280854528.png
4868215446437888,https://s3-ap-northeast-1.amazonaws.com/projects.crowd4u.org/s201811523/qd/triangle/4868215446437888.png
4872453002100736,https://s3-ap-northeast-1.amazonaws.com/projects.crowd4u.org/s201811523/qd/triangle/4872453002100736.png
4898698473504768,https://s3-ap-northeast-1.amazonaws.com/projects.crowd4u.org/s201811523/qd/triangle/4898698473504768.png
4917766568017920,https://s3-ap-northeast-1.amazonaws.com/projects.crowd4u.org/s201811523/qd/triangle/4917766568017920.png
4934134654828544,https://s3-ap-northeast-1.amazonaws.com/projects.crowd4u.org/s201811523/qd/triangle/4934134654828544.png
4975143392641024,https://s3-ap-northeast-1.amazonaws.com/projects.crowd4u.org/s201811523/qd/triangle/4975143392641024.png
4999701743009792,https://s3-ap-northeast-1.amazonaws.com/projects.crowd4u.org/s201811523/qd/triangle/4999701743009792.png
5073841841766400,https://s3-ap-northeast-1.amazonaws.com/projects.crowd4u.org/s201811523/qd/triangle/5073841841766400.png
5077261738835968,https://s3-ap-northeast-1.amazonaws.com/projects.crowd4u.org/s201811523/qd/triangle/5077261738835968.png
5087427699933184,https://s3-ap-northeast-1.amazonaws.com/projects.crowd4u.org/s201811523/qd/triangle/5087427699933184.png
5089446431031296,https://s3-ap-northeast-1.amazonaws.com/projects.crowd4u.org/s201811523/qd/triangle/5089446431031296.png
5095161690324992,https://s3-ap-northeast-1.amazonaws.com/projects.crowd4u.org/s201811523/qd/triangle/5095161690324992.png
5097404514697216,https://s3-ap-northeast-1.amazonaws.com/projects.crowd4u.org/s201811523/qd/triangle/5097404514697216.png
5098655692357632,https://s3-ap-northeast-1.amazonaws.com/projects.crowd4u.org/s201811523/qd/triangle/5098655692357632.png
5113546226532352,https://s3-ap-northeast-1.amazonaws.com/projects.crowd4u.org/s201811523/qd/triangle/5113546226532352.png
5121868400951296,https://s3-ap-northeast-1.amazonaws.com/projects.crowd4u.org/s201811523/qd/triangle/5121868400951296.png
5126937565462528,https://s3-ap-northeast-1.amazonaws.com/projects.crowd4u.org/s201811523/qd/triangle/5126937565462528.png
5142304371245056,https://s3-ap-northeast-1.amazonaws.com/projects.crowd4u.org/s201811523/qd/triangle/5142304371245056.png
5145391534178304,https://s3-ap-northeast-1.amazonaws.com/projects.crowd4u.org/s201811523/qd/triangle/5145391534178304.png
5165694545035264,https://s3-ap-northeast-1.amazonaws.com/projects.crowd4u.org/s201811523/qd/triangle/5165694545035264.png
5169547785011200,https://s3-ap-northeast-1.amazonaws.com/projects.crowd4u.org/s201811523/qd/triangle/5169547785011200.png
5180177682268160,https://s3-ap-northeast-1.amazonaws.com/projects.crowd4u.org/s201811523/qd/triangle/5180177682268160.png
5181279072944128,https://s3-ap-northeast-1.amazonaws.com/projects.crowd4u.org/s201811523/qd/triangle/5181279072944128.png
5188232637579264,https://s3-ap-northeast-1.amazonaws.com/projects.crowd4u.org/s201811523/qd/triangle/5188232637579264.png
5188279198547968,https://s3-ap-northeast-1.amazonaws.com/projects.crowd4u.org/s201811523/qd/triangle/5188279198547968.png
5199424705789952,https://s3-ap-northeast-1.amazonaws.com/projects.crowd4u.org/s201811523/qd/triangle/5199424705789952.png
5227061339750400,https://s3-ap-northeast-1.amazonaws.com/projects.crowd4u.org/s201811523/qd/triangle/5227061339750400.png
5232681489006592,https://s3-ap-northeast-1.amazonaws.com/projects.crowd4u.org/s201811523/qd/triangle/5232681489006592.png
5245492839579648,https://s3-ap-northeast-1.amazonaws.com/projects.crowd4u.org/s201811523/qd/triangle/5245492839579648.png
5248439946313728,https://s3-ap-northeast-1.amazonaws.com/projects.crowd4u.org/s201811523/qd/triangle/5248439946313728.png
5250958470676480,https://s3-ap-northeast-1.amazonaws.com/projects.crowd4u.org/s201811523/qd/triangle/5250958470676480.png
5265988339630080,https://s3-ap-northeast-1.amazonaws.com/projects.crowd4u.org/s201811523/qd/triangle/5265988339630080.png
5270666200743936,https://s3-ap-northeast-1.amazonaws.com/projects.crowd4u.org/s201811523/qd/triangle/5270666200743936.png
5284218697416704,https://s3-ap-northeast-1.amazonaws.com/projects.crowd4u.org/s201811523/qd/triangle/5284218697416704.png
5286970332807168,https://s3-ap-northeast-1.amazonaws.com/projects.crowd4u.org/s201811523/qd/triangle/5286970332807168.png
5292795348647936,https://s3-ap-northeast-1.amazonaws.com/projects.crowd4u.org/s201811523/qd/triangle/5292795348647936.png
5295463458668544,https://s3-ap-northeast-1.amazonaws.com/projects.crowd4u.org/s201811523/qd/triangle/5295463458668544.png
5295549106356224,https://s3-ap-northeast-1.amazonaws.com/projects.crowd4u.org/s201811523/qd/triangle/5295549106356224.png
5303014686457856,https://s3-ap-northeast-1.amazonaws.com/projects.crowd4u.org/s201811523/qd/triangle/5303014686457856.png
5307936718979072,https://s3-ap-northeast-1.amazonaws.com/projects.crowd4u.org/s201811523/qd/triangle/5307936718979072.png
5325606751305728,https://s3-ap-northeast-1.amazonaws.com/projects.crowd4u.org/s201811523/qd/triangle/5325606751305728.png
5347273586245632,https://s3-ap-northeast-1.amazonaws.com/projects.crowd4u.org/s201811523/qd/triangle/5347273586245632.png
5356996666589184,https://s3-ap-northeast-1.amazonaws.com/projects.crowd4u.org/s201811523/qd/triangle/5356996666589184.png
5370486206758912,https://s3-ap-northeast-1.amazonaws.com/projects.crowd4u.org/s201811523/qd/triangle/5370486206758912.png
5371814555418624,https://s3-ap-northeast-1.amazonaws.com/projects.crowd4u.org/s201811523/qd/triangle/5371814555418624.png
5451889321705472,https://s3-ap-northeast-1.amazonaws.com/projects.crowd4u.org/s201811523/qd/triangle/5451889321705472.png
5462151256866816,https://s3-ap-northeast-1.amazonaws.com/projects.crowd4u.org/s201811523/qd/triangle/5462151256866816.png
5466505498066944,https://s3-ap-northeast-1.amazonaws.com/projects.crowd4u.org/s201811523/qd/triangle/5466505498066944.png
5471136731103232,https://s3-ap-northeast-1.amazonaws.com/projects.crowd4u.org/s201811523/qd/triangle/5471136731103232.png
5492516830838784,https://s3-ap-northeast-1.amazonaws.com/projects.crowd4u.org/s201811523/qd/triangle/5492516830838784.png
5503349522694144,https://s3-ap-northeast-1.amazonaws.com/projects.crowd4u.org/s201811523/qd/triangle/5503349522694144.png
5536022429433856,https://s3-ap-northeast-1.amazonaws.com/projects.crowd4u.org/s201811523/qd/triangle/5536022429433856.png
5539178026631168,https://s3-ap-northeast-1.amazonaws.com/projects.crowd4u.org/s201811523/qd/triangle/5539178026631168.png
5544302203633664,https://s3-ap-northeast-1.amazonaws.com/projects.crowd4u.org/s201811523/qd/triangle/5544302203633664.png
5561684859027456,https://s3-ap-northeast-1.amazonaws.com/projects.crowd4u.org/s201811523/qd/triangle/5561684859027456.png
5572380535554048,https://s3-ap-northeast-1.amazonaws.com/projects.crowd4u.org/s201811523/qd/triangle/5572380535554048.png
5583464168423424,https://s3-ap-northeast-1.amazonaws.com/projects.crowd4u.org/s201811523/qd/triangle/5583464168423424.png
5599881009823744,https://s3-ap-northeast-1.amazonaws.com/projects.crowd4u.org/s201811523/qd/triangle/5599881009823744.png
5621680724508672,https://s3-ap-northeast-1.amazonaws.com/projects.crowd4u.org/s201811523/qd/triangle/5621680724508672.png
5626256408182784,https://s3-ap-northeast-1.amazonaws.com/projects.crowd4u.org/s201811523/qd/triangle/5626256408182784.png
5646334507876352,https://s3-ap-northeast-1.amazonaws.com/projects.crowd4u.org/s201811523/qd/triangle/5646334507876352.png
5649867131060224,https://s3-ap-northeast-1.amazonaws.com/projects.crowd4u.org/s201811523/qd/triangle/5649867131060224.png
5652085582331904,https://s3-ap-northeast-1.amazonaws.com/projects.crowd4u.org/s201811523/qd/triangle/5652085582331904.png
5653414874710016,https://s3-ap-northeast-1.amazonaws.com/projects.crowd4u.org/s201811523/qd/triangle/5653414874710016.png
5662431776866304,https://s3-ap-northeast-1.amazonaws.com/projects.crowd4u.org/s201811523/qd/triangle/5662431776866304.png
5685464189108224,https://s3-ap-northeast-1.amazonaws.com/projects.crowd4u.org/s201811523/qd/triangle/5685464189108224.png
5713126378962944,https://s3-ap-northeast-1.amazonaws.com/projects.crowd4u.org/s201811523/qd/triangle/5713126378962944.png
5716050819678208,https://s3-ap-northeast-1.amazonaws.com/projects.crowd4u.org/s201811523/qd/triangle/5716050819678208.png
5719492967530496,https://s3-ap-northeast-1.amazonaws.com/projects.crowd4u.org/s201811523/qd/triangle/5719492967530496.png
5722581195816960,https://s3-ap-northeast-1.amazonaws.com/projects.crowd4u.org/s201811523/qd/triangle/5722581195816960.png
5725286991659008,https://s3-ap-northeast-1.amazonaws.com/projects.crowd4u.org/s201811523/qd/triangle/5725286991659008.png
5735715541352448,https://s3-ap-northeast-1.amazonaws.com/projects.crowd4u.org/s201811523/qd/triangle/5735715541352448.png
5735828741423104,https://s3-ap-northeast-1.amazonaws.com/projects.crowd4u.org/s201811523/qd/triangle/5735828741423104.png
5744083043614720,https://s3-ap-northeast-1.amazonaws.com/projects.crowd4u.org/s201811523/qd/triangle/5744083043614720.png
5750261907718144,https://s3-ap-northeast-1.amazonaws.com/projects.crowd4u.org/s201811523/qd/triangle/5750261907718144.png
5750995143360512,https://s3-ap-northeast-1.amazonaws.com/projects.crowd4u.org/s201811523/qd/triangle/5750995143360512.png
5752393302016000,https://s3-ap-northeast-1.amazonaws.com/projects.crowd4u.org/s201811523/qd/triangle/5752393302016000.png
5769179611267072,https://s3-ap-northeast-1.amazonaws.com/projects.crowd4u.org/s201811523/qd/triangle/5769179611267072.png
5770107156430848,https://s3-ap-northeast-1.amazonaws.com/projects.crowd4u.org/s201811523/qd/triangle/5770107156430848.png
5788924012134400,https://s3-ap-northeast-1.amazonaws.com/projects.crowd4u.org/s201811523/qd/triangle/5788924012134400.png
5800395853004800,https://s3-ap-northeast-1.amazonaws.com/projects.crowd4u.org/s201811523/qd/triangle/5800395853004800.png
5805443848863744,https://s3-ap-northeast-1.amazonaws.com/projects.crowd4u.org/s201811523/qd/triangle/5805443848863744.png
5810380376899584,https://s3-ap-northeast-1.amazonaws.com/projects.crowd4u.org/s201811523/qd/triangle/5810380376899584.png
5812309626716160,https://s3-ap-northeast-1.amazonaws.com/projects.crowd4u.org/s201811523/qd/triangle/5812309626716160.png
5813018644447232,https://s3-ap-northeast-1.amazonaws.com/projects.crowd4u.org/s201811523/qd/triangle/5813018644447232.png
5813528118165504,https://s3-ap-northeast-1.amazonaws.com/projects.crowd4u.org/s201811523/qd/triangle/5813528118165504.png
5838194517999616,https://s3-ap-northeast-1.amazonaws.com/projects.crowd4u.org/s201811523/qd/triangle/5838194517999616.png
5841341319741440,https://s3-ap-northeast-1.amazonaws.com/projects.crowd4u.org/s201811523/qd/triangle/5841341319741440.png
5844506714832896,https://s3-ap-northeast-1.amazonaws.com/projects.crowd4u.org/s201811523/qd/triangle/5844506714832896.png
5853716865351680,https://s3-ap-northeast-1.amazonaws.com/projects.crowd4u.org/s201811523/qd/triangle/5853716865351680.png
5856766275354624,https://s3-ap-northeast-1.amazonaws.com/projects.crowd4u.org/s201811523/qd/triangle/5856766275354624.png
5867139313434624,https://s3-ap-northeast-1.amazonaws.com/projects.crowd4u.org/s201811523/qd/triangle/5867139313434624.png
5871658537582592,https://s3-ap-northeast-1.amazonaws.com/projects.crowd4u.org/s201811523/qd/triangle/5871658537582592.png
5891397288722432,https://s3-ap-northeast-1.amazonaws.com/projects.crowd4u.org/s201811523/qd/triangle/5891397288722432.png
5896620233195520,https://s3-ap-northeast-1.amazonaws.com/projects.crowd4u.org/s201811523/qd/triangle/5896620233195520.png
5906378835099648,https://s3-ap-northeast-1.amazonaws.com/projects.crowd4u.org/s201811523/qd/triangle/5906378835099648.png
5923780603936768,https://s3-ap-northeast-1.amazonaws.com/projects.crowd4u.org/s201811523/qd/triangle/5923780603936768.png
5930019526279168,https://s3-ap-northeast-1.amazonaws.com/projects.crowd4u.org/s201811523/qd/triangle/5930019526279168.png
5932230226477056,https://s3-ap-northeast-1.amazonaws.com/projects.crowd4u.org/s201811523/qd/triangle/5932230226477056.png
5932594510168064,https://s3-ap-northeast-1.amazonaws.com/projects.crowd4u.org/s201811523/qd/triangle/5932594510168064.png
5968950619799552,https://s3-ap-northeast-1.amazonaws.com/projects.crowd4u.org/s201811523/qd/triangle/5968950619799552.png
5978291653574656,https://s3-ap-northeast-1.amazonaws.com/projects.crowd4u.org/s201811523/qd/triangle/5978291653574656.png
5982506845208576,https://s3-ap-northeast-1.amazonaws.com/projects.crowd4u.org/s201811523/qd/triangle/5982506845208576.png
5984517812649984,https://s3-ap-northeast-1.amazonaws.com/projects.crowd4u.org/s201811523/qd/triangle/5984517812649984.png
5988029736943616,https://s3-ap-northeast-1.amazonaws.com/projects.crowd4u.org/s201811523/qd/triangle/5988029736943616.png
5992886694838272,https://s3-ap-northeast-1.amazonaws.com/projects.crowd4u.org/s201811523/qd/triangle/5992886694838272.png
6001300267335680,https://s3-ap-northeast-1.amazonaws.com/projects.crowd4u.org/s201811523/qd/triangle/6001300267335680.png
6007868408987648,https://s3-ap-northeast-1.amazonaws.com/projects.crowd4u.org/s201811523/qd/triangle/6007868408987648.png
6027359041880064,https://s3-ap-northeast-1.amazonaws.com/projects.crowd4u.org/s201811523/qd/triangle/6027359041880064.png
6034313244049408,https://s3-ap-northeast-1.amazonaws.com/projects.crowd4u.org/s201811523/qd/triangle/6034313244049408.png
6035274461085696,https://s3-ap-northeast-1.amazonaws.com/projects.crowd4u.org/s201811523/qd/triangle/6035274461085696.png
6037287257243648,https://s3-ap-northeast-1.amazonaws.com/projects.crowd4u.org/s201811523/qd/triangle/6037287257243648.png
6046536016330752,https://s3-ap-northeast-1.amazonaws.com/projects.crowd4u.org/s201811523/qd/triangle/6046536016330752.png
6061082487554048,https://s3-ap-northeast-1.amazonaws.com/projects.crowd4u.org/s201811523/qd/triangle/6061082487554048.png
6078634643161088,https://s3-ap-northeast-1.amazonaws.com/projects.crowd4u.org/s201811523/qd/triangle/6078634643161088.png
6088541551460352,https://s3-ap-northeast-1.amazonaws.com/projects.crowd4u.org/s201811523/qd/triangle/6088541551460352.png
6093525760344064,https://s3-ap-northeast-1.amazonaws.com/projects.crowd4u.org/s201811523/qd/triangle/6093525760344064.png
6099922245910528,https://s3-ap-northeast-1.amazonaws.com/projects.crowd4u.org/s201811523/qd/triangle/6099922245910528.png
6106866012651520,https://s3-ap-northeast-1.amazonaws.com/projects.crowd4u.org/s201811523/qd/triangle/6106866012651520.png
6118682663059456,https://s3-ap-northeast-1.amazonaws.com/projects.crowd4u.org/s201811523/qd/triangle/6118682663059456.png
6123311459205120,https://s3-ap-northeast-1.amazonaws.com/projects.crowd4u.org/s201811523/qd/triangle/6123311459205120.png
6124888282628096,https://s3-ap-northeast-1.amazonaws.com/projects.crowd4u.org/s201811523/qd/triangle/6124888282628096.png
6128234951344128,https://s3-ap-northeast-1.amazonaws.com/projects.crowd4u.org/s201811523/qd/triangle/6128234951344128.png
6134310920781824,https://s3-ap-northeast-1.amazonaws.com/projects.crowd4u.org/s201811523/qd/triangle/6134310920781824.png
6138285678133248,https://s3-ap-northeast-1.amazonaws.com/projects.crowd4u.org/s201811523/qd/triangle/6138285678133248.png
6146498511241216,https://s3-ap-northeast-1.amazonaws.com/projects.crowd4u.org/s201811523/qd/triangle/6146498511241216.png
6182604036374528,https://s3-ap-northeast-1.amazonaws.com/projects.crowd4u.org/s201811523/qd/triangle/6182604036374528.png
6194989212106752,https://s3-ap-northeast-1.amazonaws.com/projects.crowd4u.org/s201811523/qd/triangle/6194989212106752.png
6201329993121792,https://s3-ap-northeast-1.amazonaws.com/projects.crowd4u.org/s201811523/qd/triangle/6201329993121792.png
6204089429917696,https://s3-ap-northeast-1.amazonaws.com/projects.crowd4u.org/s201811523/qd/triangle/6204089429917696.png
6208184492490752,https://s3-ap-northeast-1.amazonaws.com/projects.crowd4u.org/s201811523/qd/triangle/6208184492490752.png
6215300536074240,https://s3-ap-northeast-1.amazonaws.com/projects.crowd4u.org/s201811523/qd/triangle/6215300536074240.png
6225706537189376,https://s3-ap-northeast-1.amazonaws.com/projects.crowd4u.org/s201811523/qd/triangle/6225706537189376.png
6231350002581504,https://s3-ap-northeast-1.amazonaws.com/projects.crowd4u.org/s201811523/qd/triangle/6231350002581504.png
6231676877275136,https://s3-ap-northeast-1.amazonaws.com/projects.crowd4u.org/s201811523/qd/triangle/6231676877275136.png
6234089772285952,https://s3-ap-northeast-1.amazonaws.com/projects.crowd4u.org/s201811523/qd/triangle/6234089772285952.png
6237639298514944,https://s3-ap-northeast-1.amazonaws.com/projects.crowd4u.org/s201811523/qd/triangle/6237639298514944.png
6238664587739136,https://s3-ap-northeast-1.amazonaws.com/projects.crowd4u.org/s201811523/qd/triangle/6238664587739136.png
6243316708409344,https://s3-ap-northeast-1.amazonaws.com/projects.crowd4u.org/s201811523/qd/triangle/6243316708409344.png
6255980532727808,https://s3-ap-northeast-1.amazonaws.com/projects.crowd4u.org/s201811523/qd/triangle/6255980532727808.png
6281610951393280,https://s3-ap-northeast-1.amazonaws.com/projects.crowd4u.org/s201811523/qd/triangle/6281610951393280.png
6286690438086656,https://s3-ap-northeast-1.amazonaws.com/projects.crowd4u.org/s201811523/qd/triangle/6286690438086656.png
6296185134383104,https://s3-ap-northeast-1.amazonaws.com/projects.crowd4u.org/s201811523/qd/triangle/6296185134383104.png
6300631063068672,https://s3-ap-northeast-1.amazonaws.com/projects.crowd4u.org/s201811523/qd/triangle/6300631063068672.png
6332708579966976,https://s3-ap-northeast-1.amazonaws.com/projects.crowd4u.org/s201811523/qd/triangle/6332708579966976.png
6355164346712064,https://s3-ap-northeast-1.amazonaws.com/projects.crowd4u.org/s201811523/qd/triangle/6355164346712064.png
6368090067566592,https://s3-ap-northeast-1.amazonaws.com/projects.crowd4u.org/s201811523/qd/triangle/6368090067566592.png
6377749197357056,https://s3-ap-northeast-1.amazonaws.com/projects.crowd4u.org/s201811523/qd/triangle/6377749197357056.png
6388380231270400,https://s3-ap-northeast-1.amazonaws.com/projects.crowd4u.org/s201811523/qd/triangle/6388380231270400.png
6413878852321280,https://s3-ap-northeast-1.amazonaws.com/projects.crowd4u.org/s201811523/qd/triangle/6413878852321280.png
6465793057357824,https://s3-ap-northeast-1.amazonaws.com/projects.crowd4u.org/s201811523/qd/triangle/6465793057357824.png
6467234828386304,https://s3-ap-northeast-1.amazonaws.com/projects.crowd4u.org/s201811523/qd/triangle/6467234828386304.png
6503833989545984,https://s3-ap-northeast-1.amazonaws.com/projects.crowd4u.org/s201811523/qd/triangle/6503833989545984.png
6519543264444416,https://s3-ap-northeast-1.amazonaws.com/projects.crowd4u.org/s201811523/qd/triangle/6519543264444416.png
6541172216430592,https://s3-ap-northeast-1.amazonaws.com/projects.crowd4u.org/s201811523/qd/triangle/6541172216430592.png
6549899657084928,https://s3-ap-northeast-1.amazonaws.com/projects.crowd4u.org/s201811523/qd/triangle/6549899657084928.png
6550330365968384,https://s3-ap-northeast-1.amazonaws.com/projects.crowd4u.org/s201811523/qd/triangle/6550330365968384.png
6555451254636544,https://s3-ap-northeast-1.amazonaws.com/projects.crowd4u.org/s201811523/qd/triangle/6555451254636544.png
6579064682840064,https://s3-ap-northeast-1.amazonaws.com/projects.crowd4u.org/s201811523/qd/triangle/6579064682840064.png
6580623642722304,https://s3-ap-northeast-1.amazonaws.com/projects.crowd4u.org/s201811523/qd/triangle/6580623642722304.png
6603970158002176,https://s3-ap-northeast-1.amazonaws.com/projects.crowd4u.org/s201811523/qd/triangle/6603970158002176.png
6619137096810496,https://s3-ap-northeast-1.amazonaws.com/projects.crowd4u.org/s201811523/qd/triangle/6619137096810496.png
6619290260209664,https://s3-ap-northeast-1.amazonaws.com/projects.crowd4u.org/s201811523/qd/triangle/6619290260209664.png
6619429477548032,https://s3-ap-northeast-1.amazonaws.com/projects.crowd4u.org/s201811523/qd/triangle/6619429477548032.png
6621355497750528,https://s3-ap-northeast-1.amazonaws.com/projects.crowd4u.org/s201811523/qd/triangle/6621355497750528.png
6626821753798656,https://s3-ap-northeast-1.amazonaws.com/projects.crowd4u.org/s201811523/qd/triangle/6626821753798656.png
6658104848547840,https://s3-ap-northeast-1.amazonaws.com/projects.crowd4u.org/s201811523/qd/triangle/6658104848547840.png
6658958120976384,https://s3-ap-northeast-1.amazonaws.com/projects.crowd4u.org/s201811523/qd/triangle/6658958120976384.png
6686833616355328,https://s3-ap-northeast-1.amazonaws.com/projects.crowd4u.org/s201811523/qd/triangle/6686833616355328.png
6704985993641984,https://s3-ap-northeast-1.amazonaws.com/projects.crowd4u.org/s201811523/qd/triangle/6704985993641984.png
6740074853040128,https://s3-ap-northeast-1.amazonaws.com/projects.crowd4u.org/s201811523/qd/triangle/6740074853040128.png
4505857628831744,https://s3-ap-northeast-1.amazonaws.com/projects.crowd4u.org/s201811523/qd/flower/4505857628831744.png
4508676993843200,https://s3-ap-northeast-1.amazonaws.com/projects.crowd4u.org/s201811523/qd/flower/4508676993843200.png
4510715773714432,https://s3-ap-northeast-1.amazonaws.com/projects.crowd4u.org/s201811523/qd/flower/4510715773714432.png
4520020669366272,https://s3-ap-northeast-1.amazonaws.com/projects.crowd4u.org/s201811523/qd/flower/4520020669366272.png
4537084641542144,https://s3-ap-northeast-1.amazonaws.com/projects.crowd4u.org/s201811523/qd/flower/4537084641542144.png
4554413022642176,https://s3-ap-northeast-1.amazonaws.com/projects.crowd4u.org/s201811523/qd/flower/4554413022642176.png
4588655190474752,https://s3-ap-northeast-1.amazonaws.com/projects.crowd4u.org/s201811523/qd/flower/4588655190474752.png
4593278185897984,https://s3-ap-northeast-1.amazonaws.com/projects.crowd4u.org/s201811523/qd/flower/4593278185897984.png
4602381503299584,https://s3-ap-northeast-1.amazonaws.com/projects.crowd4u.org/s201811523/qd/flower/4602381503299584.png
4606577849925632,https://s3-ap-northeast-1.amazonaws.com/projects.crowd4u.org/s201811523/qd/flower/4606577849925632.png
4633023574179840,https://s3-ap-northeast-1.amazonaws.com/projects.crowd4u.org/s201811523/qd/flower/4633023574179840.png
4644074558586880,https://s3-ap-northeast-1.amazonaws.com/projects.crowd4u.org/s201811523/qd/flower/4644074558586880.png
4667603970686976,https://s3-ap-northeast-1.amazonaws.com/projects.crowd4u.org/s201811523/qd/flower/4667603970686976.png
4670349826326528,https://s3-ap-northeast-1.amazonaws.com/projects.crowd4u.org/s201811523/qd/flower/4670349826326528.png
4672175057403904,https://s3-ap-northeast-1.amazonaws.com/projects.crowd4u.org/s201811523/qd/flower/4672175057403904.png
4673168906125312,https://s3-ap-northeast-1.amazonaws.com/projects.crowd4u.org/s201811523/qd/flower/4673168906125312.png
4696517870878720,https://s3-ap-northeast-1.amazonaws.com/projects.crowd4u.org/s201811523/qd/flower/4696517870878720.png
4696856552538112,https://s3-ap-northeast-1.amazonaws.com/projects.crowd4u.org/s201811523/qd/flower/4696856552538112.png
4700798694981632,https://s3-ap-northeast-1.amazonaws.com/projects.crowd4u.org/s201811523/qd/flower/4700798694981632.png
4704968810430464,https://s3-ap-northeast-1.amazonaws.com/projects.crowd4u.org/s201811523/qd/flower/4704968810430464.png
4706536876146688,https://s3-ap-northeast-1.amazonaws.com/projects.crowd4u.org/s201811523/qd/flower/4706536876146688.png
4718974006722560,https://s3-ap-northeast-1.amazonaws.com/projects.crowd4u.org/s201811523/qd/flower/4718974006722560.png
4727668295598080,https://s3-ap-northeast-1.amazonaws.com/projects.crowd4u.org/s201811523/qd/flower/4727668295598080.png
4776304190685184,https://s3-ap-northeast-1.amazonaws.com/projects.crowd4u.org/s201811523/qd/flower/4776304190685184.png
4789953777106944,https://s3-ap-northeast-1.amazonaws.com/projects.crowd4u.org/s201811523/qd/flower/4789953777106944.png
4795581258006528,https://s3-ap-northeast-1.amazonaws.com/projects.crowd4u.org/s201811523/qd/flower/4795581258006528.png
4813599987990528,https://s3-ap-northeast-1.amazonaws.com/projects.crowd4u.org/s201811523/qd/flower/4813599987990528.png
4815975729856512,https://s3-ap-northeast-1.amazonaws.com/projects.crowd4u.org/s201811523/qd/flower/4815975729856512.png
4823626152935424,https://s3-ap-northeast-1.amazonaws.com/projects.crowd4u.org/s201811523/qd/flower/4823626152935424.png
4827827016826880,https://s3-ap-northeast-1.amazonaws.com/projects.crowd4u.org/s201811523/qd/flower/4827827016826880.png
4832796277211136,https://s3-ap-northeast-1.amazonaws.com/projects.crowd4u.org/s201811523/qd/flower/4832796277211136.png
4847146299817984,https://s3-ap-northeast-1.amazonaws.com/projects.crowd4u.org/s201811523/qd/flower/4847146299817984.png
4853854455726080,https://s3-ap-northeast-1.amazonaws.com/projects.crowd4u.org/s201811523/qd/flower/4853854455726080.png
4866422062710784,https://s3-ap-northeast-1.amazonaws.com/projects.crowd4u.org/s201811523/qd/flower/4866422062710784.png
4886336987201536,https://s3-ap-northeast-1.amazonaws.com/projects.crowd4u.org/s201811523/qd/flower/4886336987201536.png
4897337958727680,https://s3-ap-northeast-1.amazonaws.com/projects.crowd4u.org/s201811523/qd/flower/4897337958727680.png
4903154753732608,https://s3-ap-northeast-1.amazonaws.com/projects.crowd4u.org/s201811523/qd/flower/4903154753732608.png
4909652871479296,https://s3-ap-northeast-1.amazonaws.com/projects.crowd4u.org/s201811523/qd/flower/4909652871479296.png
4916670143397888,https://s3-ap-northeast-1.amazonaws.com/projects.crowd4u.org/s201811523/qd/flower/4916670143397888.png
4921280539131904,https://s3-ap-northeast-1.amazonaws.com/projects.crowd4u.org/s201811523/qd/flower/4921280539131904.png
4923644855713792,https://s3-ap-northeast-1.amazonaws.com/projects.crowd4u.org/s201811523/qd/flower/4923644855713792.png
4924858553073664,https://s3-ap-northeast-1.amazonaws.com/projects.crowd4u.org/s201811523/qd/flower/4924858553073664.png
4939473550835712,https://s3-ap-northeast-1.amazonaws.com/projects.crowd4u.org/s201811523/qd/flower/4939473550835712.png
4952171961384960,https://s3-ap-northeast-1.amazonaws.com/projects.crowd4u.org/s201811523/qd/flower/4952171961384960.png
4962554654752768,https://s3-ap-northeast-1.amazonaws.com/projects.crowd4u.org/s201811523/qd/flower/4962554654752768.png
4976503148249088,https://s3-ap-northeast-1.amazonaws.com/projects.crowd4u.org/s201811523/qd/flower/4976503148249088.png
5004577923399680,https://s3-ap-northeast-1.amazonaws.com/projects.crowd4u.org/s201811523/qd/flower/5004577923399680.png
5007056320856064,https://s3-ap-northeast-1.amazonaws.com/projects.crowd4u.org/s201811523/qd/flower/5007056320856064.png
5014397342711808,https://s3-ap-northeast-1.amazonaws.com/projects.crowd4u.org/s201811523/qd/flower/5014397342711808.png
5015693902741504,https://s3-ap-northeast-1.amazonaws.com/projects.crowd4u.org/s201811523/qd/flower/5015693902741504.png
5053869115572224,https://s3-ap-northeast-1.amazonaws.com/projects.crowd4u.org/s201811523/qd/flower/5053869115572224.png
5060697945800704,https://s3-ap-northeast-1.amazonaws.com/projects.crowd4u.org/s201811523/qd/flower/5060697945800704.png
5064485771411456,https://s3-ap-northeast-1.amazonaws.com/projects.crowd4u.org/s201811523/qd/flower/5064485771411456.png
5071457090535424,https://s3-ap-northeast-1.amazonaws.com/projects.crowd4u.org/s201811523/qd/flower/5071457090535424.png
5072327760936960,https://s3-ap-northeast-1.amazonaws.com/projects.crowd4u.org/s201811523/qd/flower/5072327760936960.png
5084734919016448,https://s3-ap-northeast-1.amazonaws.com/projects.crowd4u.org/s201811523/qd/flower/5084734919016448.png
5088582618316800,https://s3-ap-northeast-1.amazonaws.com/projects.crowd4u.org/s201811523/qd/flower/5088582618316800.png
5088894087331840,https://s3-ap-northeast-1.amazonaws.com/projects.crowd4u.org/s201811523/qd/flower/5088894087331840.png
5124247947051008,https://s3-ap-northeast-1.amazonaws.com/projects.crowd4u.org/s201811523/qd/flower/5124247947051008.png
5154054109921280,https://s3-ap-northeast-1.amazonaws.com/projects.crowd4u.org/s201811523/qd/flower/5154054109921280.png
5211272171749376,https://s3-ap-northeast-1.amazonaws.com/projects.crowd4u.org/s201811523/qd/flower/5211272171749376.png
5229052799483904,https://s3-ap-northeast-1.amazonaws.com/projects.crowd4u.org/s201811523/qd/flower/5229052799483904.png
5272630875652096,https://s3-ap-northeast-1.amazonaws.com/projects.crowd4u.org/s201811523/qd/flower/5272630875652096.png
5282283047092224,https://s3-ap-northeast-1.amazonaws.com/projects.crowd4u.org/s201811523/qd/flower/5282283047092224.png
5291458808512512,https://s3-ap-northeast-1.amazonaws.com/projects.crowd4u.org/s201811523/qd/flower/5291458808512512.png
5294396700360704,https://s3-ap-northeast-1.amazonaws.com/projects.crowd4u.org/s201811523/qd/flower/5294396700360704.png
5302836424343552,https://s3-ap-northeast-1.amazonaws.com/projects.crowd4u.org/s201811523/qd/flower/5302836424343552.png
5317665960755200,https://s3-ap-northeast-1.amazonaws.com/projects.crowd4u.org/s201811523/qd/flower/5317665960755200.png
5318675408093184,https://s3-ap-northeast-1.amazonaws.com/projects.crowd4u.org/s201811523/qd/flower/5318675408093184.png
5325239007313920,https://s3-ap-northeast-1.amazonaws.com/projects.crowd4u.org/s201811523/qd/flower/5325239007313920.png
5329588454424576,https://s3-ap-northeast-1.amazonaws.com/projects.crowd4u.org/s201811523/qd/flower/5329588454424576.png
5335456453492736,https://s3-ap-northeast-1.amazonaws.com/projects.crowd4u.org/s201811523/qd/flower/5335456453492736.png
5335878832488448,https://s3-ap-northeast-1.amazonaws.com/projects.crowd4u.org/s201811523/qd/flower/5335878832488448.png
5342484093730816,https://s3-ap-northeast-1.amazonaws.com/projects.crowd4u.org/s201811523/qd/flower/5342484093730816.png
5375797470691328,https://s3-ap-northeast-1.amazonaws.com/projects.crowd4u.org/s201811523/qd/flower/5375797470691328.png
5390767642116096,https://s3-ap-northeast-1.amazonaws.com/projects.crowd4u.org/s201811523/qd/flower/5390767642116096.png
5398508884459520,https://s3-ap-northeast-1.amazonaws.com/projects.crowd4u.org/s201811523/qd/flower/5398508884459520.png
5410268655910912,https://s3-ap-northeast-1.amazonaws.com/projects.crowd4u.org/s201811523/qd/flower/5410268655910912.png
5417817685884928,https://s3-ap-northeast-1.amazonaws.com/projects.crowd4u.org/s201811523/qd/flower/5417817685884928.png
5423906653470720,https://s3-ap-northeast-1.amazonaws.com/projects.crowd4u.org/s201811523/qd/flower/5423906653470720.png
5427856937058304,https://s3-ap-northeast-1.amazonaws.com/projects.crowd4u.org/s201811523/qd/flower/5427856937058304.png
5450174862196736,https://s3-ap-northeast-1.amazonaws.com/projects.crowd4u.org/s201811523/qd/flower/5450174862196736.png
5450898228641792,https://s3-ap-northeast-1.amazonaws.com/projects.crowd4u.org/s201811523/qd/flower/5450898228641792.png
5453474751840256,https://s3-ap-northeast-1.amazonaws.com/projects.crowd4u.org/s201811523/qd/flower/5453474751840256.png
5455132932177920,https://s3-ap-northeast-1.amazonaws.com/projects.crowd4u.org/s201811523/qd/flower/5455132932177920.png
5473194456645632,https://s3-ap-northeast-1.amazonaws.com/projects.crowd4u.org/s201811523/qd/flower/5473194456645632.png
5475300114694144,https://s3-ap-northeast-1.amazonaws.com/projects.crowd4u.org/s201811523/qd/flower/5475300114694144.png
5501608215445504,https://s3-ap-northeast-1.amazonaws.com/projects.crowd4u.org/s201811523/qd/flower/5501608215445504.png
5511803897380864,https://s3-ap-northeast-1.amazonaws.com/projects.crowd4u.org/s201811523/qd/flower/5511803897380864.png
5514579570327552,https://s3-ap-northeast-1.amazonaws.com/projects.crowd4u.org/s201811523/qd/flower/5514579570327552.png
5515719968030720,https://s3-ap-northeast-1.amazonaws.com/projects.crowd4u.org/s201811523/qd/flower/5515719968030720.png
5525572371349504,https://s3-ap-northeast-1.amazonaws.com/projects.crowd4u.org/s201811523/qd/flower/5525572371349504.png
5529758035083264,https://s3-ap-northeast-1.amazonaws.com/projects.crowd4u.org/s201811523/qd/flower/5529758035083264.png
5540796335915008,https://s3-ap-northeast-1.amazonaws.com/projects.crowd4u.org/s201811523/qd/flower/5540796335915008.png
5543047016218624,https://s3-ap-northeast-1.amazonaws.com/projects.crowd4u.org/s201811523/qd/flower/5543047016218624.png
5544951196680192,https://s3-ap-northeast-1.amazonaws.com/projects.crowd4u.org/s201811523/qd/flower/5544951196680192.png
5550823830454272,https://s3-ap-northeast-1.amazonaws.com/projects.crowd4u.org/s201811523/qd/flower/5550823830454272.png
5563169441316864,https://s3-ap-northeast-1.amazonaws.com/projects.crowd4u.org/s201811523/qd/flower/5563169441316864.png
5579960263639040,https://s3-ap-northeast-1.amazonaws.com/projects.crowd4u.org/s201811523/qd/flower/5579960263639040.png
5580249720946688,https://s3-ap-northeast-1.amazonaws.com/projects.crowd4u.org/s201811523/qd/flower/5580249720946688.png
5580927256231936,https://s3-ap-northeast-1.amazonaws.com/projects.crowd4u.org/s201811523/qd/flower/5580927256231936.png
5585544241217536,https://s3-ap-northeast-1.amazonaws.com/projects.crowd4u.org/s201811523/qd/flower/5585544241217536.png
5593011952025600,https://s3-ap-northeast-1.amazonaws.com/projects.crowd4u.org/s201811523/qd/flower/5593011952025600.png
5594529883226112,https://s3-ap-northeast-1.amazonaws.com/projects.crowd4u.org/s201811523/qd/flower/5594529883226112.png
5622550992257024,https://s3-ap-northeast-1.amazonaws.com/projects.crowd4u.org/s201811523/qd/flower/5622550992257024.png
5626315463983104,https://s3-ap-northeast-1.amazonaws.com/projects.crowd4u.org/s201811523/qd/flower/5626315463983104.png
5627363985457152,https://s3-ap-northeast-1.amazonaws.com/projects.crowd4u.org/s201811523/qd/flower/5627363985457152.png
5644592139468800,https://s3-ap-northeast-1.amazonaws.com/projects.crowd4u.org/s201811523/qd/flower/5644592139468800.png
5704589699448832,https://s3-ap-northeast-1.amazonaws.com/projects.crowd4u.org/s201811523/qd/flower/5704589699448832.png
5713210181156864,https://s3-ap-northeast-1.amazonaws.com/projects.crowd4u.org/s201811523/qd/flower/5713210181156864.png
5724104030158848,https://s3-ap-northeast-1.amazonaws.com/projects.crowd4u.org/s201811523/qd/flower/5724104030158848.png
5730388762689536,https://s3-ap-northeast-1.amazonaws.com/projects.crowd4u.org/s201811523/qd/flower/5730388762689536.png
5743833415417856,https://s3-ap-northeast-1.amazonaws.com/projects.crowd4u.org/s201811523/qd/flower/5743833415417856.png
5759395931619328,https://s3-ap-northeast-1.amazonaws.com/projects.crowd4u.org/s201811523/qd/flower/5759395931619328.png
5766606556758016,https://s3-ap-northeast-1.amazonaws.com/projects.crowd4u.org/s201811523/qd/flower/5766606556758016.png
5768964493803520,https://s3-ap-northeast-1.amazonaws.com/projects.crowd4u.org/s201811523/qd/flower/5768964493803520.png
5775348413235200,https://s3-ap-northeast-1.amazonaws.com/projects.crowd4u.org/s201811523/qd/flower/5775348413235200.png
5798392082989056,https://s3-ap-northeast-1.amazonaws.com/projects.crowd4u.org/s201811523/qd/flower/5798392082989056.png
5802947080355840,https://s3-ap-northeast-1.amazonaws.com/projects.crowd4u.org/s201811523/qd/flower/5802947080355840.png
5804268286115840,https://s3-ap-northeast-1.amazonaws.com/projects.crowd4u.org/s201811523/qd/flower/5804268286115840.png
5810647877025792,https://s3-ap-northeast-1.amazonaws.com/projects.crowd4u.org/s201811523/qd/flower/5810647877025792.png
5811688412545024,https://s3-ap-northeast-1.amazonaws.com/projects.crowd4u.org/s201811523/qd/flower/5811688412545024.png
5818363261485056,https://s3-ap-northeast-1.amazonaws.com/projects.crowd4u.org/s201811523/qd/flower/5818363261485056.png
5848147773358080,https://s3-ap-northeast-1.amazonaws.com/projects.crowd4u.org/s201811523/qd/flower/5848147773358080.png
5851356650799104,https://s3-ap-northeast-1.amazonaws.com/projects.crowd4u.org/s201811523/qd/flower/5851356650799104.png
5881931445043200,https://s3-ap-northeast-1.amazonaws.com/projects.crowd4u.org/s201811523/qd/flower/5881931445043200.png
5888929993588736,https://s3-ap-northeast-1.amazonaws.com/projects.crowd4u.org/s201811523/qd/flower/5888929993588736.png
5894100463124480,https://s3-ap-northeast-1.amazonaws.com/projects.crowd4u.org/s201811523/qd/flower/5894100463124480.png
5896986916028416,https://s3-ap-northeast-1.amazonaws.com/projects.crowd4u.org/s201811523/qd/flower/5896986916028416.png
5901197460373504,https://s3-ap-northeast-1.amazonaws.com/projects.crowd4u.org/s201811523/qd/flower/5901197460373504.png
5922194079088640,https://s3-ap-northeast-1.amazonaws.com/projects.crowd4u.org/s201811523/qd/flower/5922194079088640.png
5925045920595968,https://s3-ap-northeast-1.amazonaws.com/projects.crowd4u.org/s201811523/qd/flower/5925045920595968.png
5926410596122624,https://s3-ap-northeast-1.amazonaws.com/projects.crowd4u.org/s201811523/qd/flower/5926410596122624.png
5930815940722688,https://s3-ap-northeast-1.amazonaws.com/projects.crowd4u.org/s201811523/qd/flower/5930815940722688.png
5932803000631296,https://s3-ap-northeast-1.amazonaws.com/projects.crowd4u.org/s201811523/qd/flower/5932803000631296.png
5956125042147328,https://s3-ap-northeast-1.amazonaws.com/projects.crowd4u.org/s201811523/qd/flower/5956125042147328.png
5968100652482560,https://s3-ap-northeast-1.amazonaws.com/projects.crowd4u.org/s201811523/qd/flower/5968100652482560.png
5984737258635264,https://s3-ap-northeast-1.amazonaws.com/projects.crowd4u.org/s201811523/qd/flower/5984737258635264.png
5992889660211200,https://s3-ap-northeast-1.amazonaws.com/projects.crowd4u.org/s201811523/qd/flower/5992889660211200.png
6008958374379520,https://s3-ap-northeast-1.amazonaws.com/projects.crowd4u.org/s201811523/qd/flower/6008958374379520.png
6049731425861632,https://s3-ap-northeast-1.amazonaws.com/projects.crowd4u.org/s201811523/qd/flower/6049731425861632.png
6052827791097856,https://s3-ap-northeast-1.amazonaws.com/projects.crowd4u.org/s201811523/qd/flower/6052827791097856.png
6080580997349376,https://s3-ap-northeast-1.amazonaws.com/projects.crowd4u.org/s201811523/qd/flower/6080580997349376.png
6089159120781312,https://s3-ap-northeast-1.amazonaws.com/projects.crowd4u.org/s201811523/qd/flower/6089159120781312.png
6089410024046592,https://s3-ap-northeast-1.amazonaws.com/projects.crowd4u.org/s201811523/qd/flower/6089410024046592.png
6098545704697856,https://s3-ap-northeast-1.amazonaws.com/projects.crowd4u.org/s201811523/qd/flower/6098545704697856.png
6108110512979968,https://s3-ap-northeast-1.amazonaws.com/projects.crowd4u.org/s201811523/qd/flower/6108110512979968.png
6109898846765056,https://s3-ap-northeast-1.amazonaws.com/projects.crowd4u.org/s201811523/qd/flower/6109898846765056.png
6124264778366976,https://s3-ap-northeast-1.amazonaws.com/projects.crowd4u.org/s201811523/qd/flower/6124264778366976.png
6131735618125824,https://s3-ap-northeast-1.amazonaws.com/projects.crowd4u.org/s201811523/qd/flower/6131735618125824.png
6177266352521216,https://s3-ap-northeast-1.amazonaws.com/projects.crowd4u.org/s201811523/qd/flower/6177266352521216.png
6195511755276288,https://s3-ap-northeast-1.amazonaws.com/projects.crowd4u.org/s201811523/qd/flower/6195511755276288.png
6214013488726016,https://s3-ap-northeast-1.amazonaws.com/projects.crowd4u.org/s201811523/qd/flower/6214013488726016.png
6228034925363200,https://s3-ap-northeast-1.amazonaws.com/projects.crowd4u.org/s201811523/qd/flower/6228034925363200.png
6237803828477952,https://s3-ap-northeast-1.amazonaws.com/projects.crowd4u.org/s201811523/qd/flower/6237803828477952.png
6250866921177088,https://s3-ap-northeast-1.amazonaws.com/projects.crowd4u.org/s201811523/qd/flower/6250866921177088.png
6258863797960704,https://s3-ap-northeast-1.amazonaws.com/projects.crowd4u.org/s201811523/qd/flower/6258863797960704.png
6261132094341120,https://s3-ap-northeast-1.amazonaws.com/projects.crowd4u.org/s201811523/qd/flower/6261132094341120.png
6269551052324864,https://s3-ap-northeast-1.amazonaws.com/projects.crowd4u.org/s201811523/qd/flower/6269551052324864.png
6275116914704384,https://s3-ap-northeast-1.amazonaws.com/projects.crowd4u.org/s201811523/qd/flower/6275116914704384.png
6291671190863872,https://s3-ap-northeast-1.amazonaws.com/projects.crowd4u.org/s201811523/qd/flower/6291671190863872.png
6292729434734592,https://s3-ap-northeast-1.amazonaws.com/projects.crowd4u.org/s201811523/qd/flower/6292729434734592.png
6304673667481600,https://s3-ap-northeast-1.amazonaws.com/projects.crowd4u.org/s201811523/qd/flower/6304673667481600.png
6316994590670848,https://s3-ap-northeast-1.amazonaws.com/projects.crowd4u.org/s201811523/qd/flower/6316994590670848.png
6326545826185216,https://s3-ap-northeast-1.amazonaws.com/projects.crowd4u.org/s201811523/qd/flower/6326545826185216.png
6339420426862592,https://s3-ap-northeast-1.amazonaws.com/projects.crowd4u.org/s201811523/qd/flower/6339420426862592.png
6342662854541312,https://s3-ap-northeast-1.amazonaws.com/projects.crowd4u.org/s201811523/qd/flower/6342662854541312.png
6355907665461248,https://s3-ap-northeast-1.amazonaws.com/projects.crowd4u.org/s201811523/qd/flower/6355907665461248.png
6356976319594496,https://s3-ap-northeast-1.amazonaws.com/projects.crowd4u.org/s201811523/qd/flower/6356976319594496.png
6373759596363776,https://s3-ap-northeast-1.amazonaws.com/projects.crowd4u.org/s201811523/qd/flower/6373759596363776.png
6386054892355584,https://s3-ap-northeast-1.amazonaws.com/projects.crowd4u.org/s201811523/qd/flower/6386054892355584.png
6394235932639232,https://s3-ap-northeast-1.amazonaws.com/projects.crowd4u.org/s201811523/qd/flower/6394235932639232.png
6407710339760128,https://s3-ap-northeast-1.amazonaws.com/projects.crowd4u.org/s201811523/qd/flower/6407710339760128.png
6437749622046720,https://s3-ap-northeast-1.amazonaws.com/projects.crowd4u.org/s201811523/qd/flower/6437749622046720.png
6479026908561408,https://s3-ap-northeast-1.amazonaws.com/projects.crowd4u.org/s201811523/qd/flower/6479026908561408.png
6485450216701952,https://s3-ap-northeast-1.amazonaws.com/projects.crowd4u.org/s201811523/qd/flower/6485450216701952.png
6519041596325888,https://s3-ap-northeast-1.amazonaws.com/projects.crowd4u.org/s201811523/qd/flower/6519041596325888.png
6526731265507328,https://s3-ap-northeast-1.amazonaws.com/projects.crowd4u.org/s201811523/qd/flower/6526731265507328.png
6546793389096960,https://s3-ap-northeast-1.amazonaws.com/projects.crowd4u.org/s201811523/qd/flower/6546793389096960.png
6559625748938752,https://s3-ap-northeast-1.amazonaws.com/projects.crowd4u.org/s201811523/qd/flower/6559625748938752.png
6560212276215808,https://s3-ap-northeast-1.amazonaws.com/projects.crowd4u.org/s201811523/qd/flower/6560212276215808.png
6566219727503360,https://s3-ap-northeast-1.amazonaws.com/projects.crowd4u.org/s201811523/qd/flower/6566219727503360.png
6586039294492672,https://s3-ap-northeast-1.amazonaws.com/projects.crowd4u.org/s201811523/qd/flower/6586039294492672.png
6604456697266176,https://s3-ap-northeast-1.amazonaws.com/projects.crowd4u.org/s201811523/qd/flower/6604456697266176.png
6613046417948672,https://s3-ap-northeast-1.amazonaws.com/projects.crowd4u.org/s201811523/qd/flower/6613046417948672.png
6615934275944448,https://s3-ap-northeast-1.amazonaws.com/projects.crowd4u.org/s201811523/qd/flower/6615934275944448.png
6626913588084736,https://s3-ap-northeast-1.amazonaws.com/projects.crowd4u.org/s201811523/qd/flower/6626913588084736.png
6645209813221376,https://s3-ap-northeast-1.amazonaws.com/projects.crowd4u.org/s201811523/qd/flower/6645209813221376.png
6645453556809728,https://s3-ap-northeast-1.amazonaws.com/projects.crowd4u.org/s201811523/qd/flower/6645453556809728.png
6655669652422656,https://s3-ap-northeast-1.amazonaws.com/projects.crowd4u.org/s201811523/qd/flower/6655669652422656.png
6656946083987456,https://s3-ap-northeast-1.amazonaws.com/projects.crowd4u.org/s201811523/qd/flower/6656946083987456.png
6657746290081792,https://s3-ap-northeast-1.amazonaws.com/projects.crowd4u.org/s201811523/qd/flower/6657746290081792.png
6661934550089728,https://s3-ap-northeast-1.amazonaws.com/projects.crowd4u.org/s201811523/qd/flower/6661934550089728.png
6665345643315200,https://s3-ap-northeast-1.amazonaws.com/projects.crowd4u.org/s201811523/qd/flower/6665345643315200.png
6667085541277696,https://s3-ap-northeast-1.amazonaws.com/projects.crowd4u.org/s201811523/qd/flower/6667085541277696.png
6677313288667136,https://s3-ap-northeast-1.amazonaws.com/projects.crowd4u.org/s201811523/qd/flower/6677313288667136.png
6691529731080192,https://s3-ap-northeast-1.amazonaws.com/projects.crowd4u.org/s201811523/qd/flower/6691529731080192.png
6696036053549056,https://s3-ap-northeast-1.amazonaws.com/projects.crowd4u.org/s201811523/qd/flower/6696036053549056.png
6726084353589248,https://s3-ap-northeast-1.amazonaws.com/projects.crowd4u.org/s201811523/qd/flower/6726084353589248.png
6730890048700416,https://s3-ap-northeast-1.amazonaws.com/projects.crowd4u.org/s201811523/qd/flower/6730890048700416.png
